moving_param,concepts_count,axioms_count,prob_axioms_count,time_mean,time_std,iters_mean,iters_time_mean
concepts_count,10,10,10,0.012018203735351562,0.003247701020620352,2.5,
concepts_count,11,10,10,0.014796566963195801,0.0052183447359581475,2.9,
concepts_count,12,10,10,0.014722347259521484,0.0037540127382197754,4.3,0.0020057215955522328
concepts_count,13,10,10,0.011737704277038574,0.004116046393101896,3.3,
concepts_count,14,10,10,0.016367340087890626,0.005545099160523609,4.3,0.0020848993460337324
concepts_count,15,10,10,0.014835524559020995,0.007461388721347995,4.1,
concepts_count,16,10,10,0.01524813175201416,0.003577301244856206,4.3,0.0020710015296936035
concepts_count,17,10,10,0.013146638870239258,0.003754057597765619,4.2,0.0017799973487854005
concepts_count,18,10,10,0.010666298866271972,0.002832704972211608,3.2,
concepts_count,19,10,10,0.011256790161132813,0.0016066123600421488,3.8,0.001665925184885661
concepts_count,20,10,10,0.01225874423980713,0.002906657537688654,3.7,
concepts_count,21,10,10,0.011507964134216309,0.0032315352865449603,4.2,0.0015849828720092773
concepts_count,22,10,10,0.011925244331359863,0.003036629219448623,4.6,0.0015852340062459309
concepts_count,23,10,10,0.009858989715576172,0.002250156308795188,3.1,
concepts_count,24,10,10,0.011574029922485352,0.0025847287647014646,4.2,0.0015489971637725828
concepts_count,25,10,10,0.01055455207824707,0.0035280630944814696,3.4,
concepts_count,26,10,10,0.009777283668518067,0.0027017714222310582,3.1,
concepts_count,27,10,10,0.010771608352661133,0.0017621494187907909,3.8,0.0015232435862223305
concepts_count,28,10,10,0.009802007675170898,0.0025161346920180108,3.1,
concepts_count,29,10,10,0.013397026062011718,0.005943527988124537,4.2,
concepts_count,30,10,10,0.011287999153137208,0.0022652046190380346,3.7,0.00165984312693278
concepts_count,31,10,10,0.015451145172119141,0.003960689101082766,4.2,0.0021080128351847333
concepts_count,32,10,10,0.01245427131652832,0.004827059830715052,3.2,0.0019567286968231205
concepts_count,33,10,10,0.01168515682220459,0.0029570062777378313,4.1,0.0016063167935325986
concepts_count,34,10,10,0.012047457695007324,0.002273589640081895,3.8,0.0017987815539042156
concepts_count,35,10,10,0.015189862251281739,0.002215026880669249,5.2,0.001869642393929618
concepts_count,36,10,10,0.014900445938110352,0.006537646925718797,3.9,0.0019024876753489176
concepts_count,37,10,10,0.01247267723083496,0.0033731533249444293,3.7,0.0018345721562703452
concepts_count,38,10,10,0.014511966705322265,0.0017155033507000603,4.5,0.0019815933136712936
concepts_count,39,10,10,0.013150811195373535,0.0028121502255911597,4.0,0.0019206841786702476
concepts_count,40,10,10,0.01297008991241455,0.0019448822039999816,4.4,0.0017310696556454615
concepts_count,41,10,10,0.011066198348999023,0.0032605609631016818,3.2,0.0017415920893351239
concepts_count,42,10,10,0.013197636604309082,0.0036636994360928787,3.9,0.001895857254664103
concepts_count,43,10,10,0.01104423999786377,0.0030479567303707037,3.5,0.0016364808877309164
concepts_count,44,10,10,0.012952566146850586,0.004377503103323089,4.5,0.0016869298617045083
concepts_count,45,10,10,0.012363743782043458,0.0036948857448148896,4.0,0.001737948145185198
concepts_count,46,10,10,0.011676573753356933,0.002509599142528592,3.7,0.0017024409770965577
concepts_count,47,10,10,0.010485363006591798,0.0021651176971772108,3.3,0.0016643273830413818
concepts_count,48,10,10,0.011860489845275879,0.0024476492497341857,4.1,0.0016616614659627279
concepts_count,49,10,10,0.01196913719177246,0.0030788984827197804,3.8,
concepts_count,50,10,10,0.013361144065856933,0.006835457470385509,3.3,0.001825067202250163
concepts_count,51,10,10,0.012315583229064942,0.002819469477136395,4.3,0.0017100831440516884
concepts_count,52,10,10,0.012696409225463867,0.0022809646220633673,4.7,0.0016085091659000944
concepts_count,53,10,10,0.011272549629211426,0.0038303753380201358,3.7,
concepts_count,54,10,10,0.012828969955444336,0.0032518377436367408,4.1,0.0017638286522456581
concepts_count,55,10,10,0.012439990043640136,0.0030106449857544805,4.4,0.001659720927949936
concepts_count,56,10,10,0.011021232604980469,0.0021650795269190595,3.5,0.001658014456431071
concepts_count,57,10,10,0.014157986640930176,0.00577546916796068,3.9,0.0017770031520298545
concepts_count,58,10,10,0.012006521224975586,0.002759981360939411,3.9,0.001749213536580404
concepts_count,59,10,10,0.01294398307800293,0.003801404632363745,4.3,0.0017683906782241094
concepts_count,60,10,10,0.012796521186828613,0.00405160899376298,4.3,0.0017398003737131753
concepts_count,61,10,10,0.013633441925048829,0.003581815057871605,4.5,0.001834557851155599
concepts_count,62,10,10,0.013690638542175292,0.0034922245135799944,4.9,0.0017219134739467074
concepts_count,63,10,10,0.011644744873046875,0.0036862242278038067,3.8,
concepts_count,64,10,10,0.013879823684692382,0.004479250036603944,4.0,0.001989762612751552
concepts_count,65,10,10,0.01246483325958252,0.0022974286647116813,4.0,0.0018029046058654786
concepts_count,66,10,10,0.010543751716613769,0.0021180710909343564,3.3,0.0016246402263641359
concepts_count,67,10,10,0.011028861999511719,0.002220798195933198,3.6,0.0016616102059682212
concepts_count,68,10,10,0.014500594139099121,0.0019396406825223343,5.2,0.001787808338801066
concepts_count,69,10,10,0.012042880058288574,0.0031321385777541605,3.7,0.0017702345053354901
concepts_count,70,10,10,0.013106989860534667,0.003673322358532357,4.5,0.0017827475070953367
concepts_count,71,10,10,0.01522061824798584,0.007753588418193343,4.4,0.0017771955331166585
concepts_count,72,10,10,0.012978053092956543,0.003991386861229789,4.4,0.0017397886230832056
concepts_count,73,10,10,0.011151885986328125,0.0026789248455339654,3.6,0.001708674430847168
concepts_count,74,10,10,0.011263871192932129,0.0017209967991943262,3.8,0.0016640822092692056
concepts_count,75,10,10,0.011771655082702637,0.002212283062334251,3.6,0.0018169772624969482
concepts_count,76,10,10,0.012806558609008789,0.0040358321244525685,3.7,0.0018956156571706135
concepts_count,77,10,10,0.012404489517211913,0.0021085827526198847,3.9,0.0018281062444051109
concepts_count,78,10,10,0.017461872100830077,0.006565723037347646,3.8,0.002253965536753337
concepts_count,79,10,10,0.011014580726623535,0.0018759225037565223,3.5,0.0016960012912750246
concepts_count,80,10,10,0.012036681175231934,0.0023368000386701122,3.8,0.00179380456606547
concepts_count,81,10,10,0.012831163406372071,0.002615979472635615,3.9,0.0018305881818135579
concepts_count,82,10,10,0.011386966705322266,0.0027705522694609695,3.4,0.0017757614453633626
concepts_count,83,10,10,0.011593961715698242,0.0020123561136566317,3.9,0.0017256999015808107
concepts_count,84,10,10,0.011446380615234375,0.0023878918649150207,3.8,0.001666571299235026
concepts_count,85,10,10,0.012238192558288574,0.004241852757538334,3.6,0.001829296350479126
concepts_count,86,10,10,0.013173747062683105,0.006801526388443484,3.6,0.001711115042368571
concepts_count,87,10,10,0.012216806411743164,0.003842911702854147,4.0,0.0017753823598225913
concepts_count,88,10,10,0.012034845352172852,0.0031793907643452783,3.9,
concepts_count,89,10,10,0.01178884506225586,0.0025304958254091224,3.3,0.00196820338567098
concepts_count,90,10,10,0.012569665908813477,0.0037881277455598175,3.9,0.0018315287431081135
concepts_count,91,10,10,0.01250317096710205,0.0024901447889451108,4.4,0.0017362076895577564
concepts_count,92,10,10,0.012991213798522949,0.002335912502237993,4.8,0.0017139923572540283
concepts_count,93,10,10,0.014016199111938476,0.005496740058662309,4.1,0.0017470124221983408
concepts_count,94,10,10,0.01102745532989502,0.0017650577519652457,3.2,0.0017633378505706788
concepts_count,95,10,10,0.01390988826751709,0.003445356308383178,5.0,0.0017858814625512985
concepts_count,96,10,10,0.012006473541259766,0.001992357716672639,4.2,0.0017006388164701916
concepts_count,97,10,10,0.013609766960144043,0.004009702471338446,4.8,0.0017674705811909267
concepts_count,98,10,10,0.01235668659210205,0.004509421129517176,4.0,0.001775853747413272
concepts_count,99,10,10,0.012317943572998046,0.0036611943306242532,4.3,0.001710253045672462
concepts_count,100,10,10,0.014525127410888673,0.004773766208840785,5.0,0.0018036334855215893
concepts_count,101,10,10,0.01209414005279541,0.002304347840871036,4.2,0.0016942115624745686
concepts_count,102,10,10,0.012286972999572755,0.002598942599596885,4.2,0.0017955916836148215
concepts_count,103,10,10,0.012447381019592285,0.002305791753649438,4.1,0.0018232975119636175
concepts_count,104,10,10,0.010987496376037598,0.0018845467214983576,3.6,0.0017059242725372312
concepts_count,105,10,10,0.01421816349029541,0.0026704082973916504,3.9,0.002114903132120768
concepts_count,106,10,10,0.01351633071899414,0.002334144712436222,4.4,0.0018959943453470865
concepts_count,107,10,10,0.013168072700500489,0.0038917266341935226,4.3,0.001831270456314087
concepts_count,108,10,10,0.01234607696533203,0.002781434445066175,4.0,0.0017979990868341351
concepts_count,109,10,10,0.011636495590209961,0.0026798479942087565,3.8,0.001746490001678467
concepts_count,110,10,10,0.014275836944580077,0.006419878514543126,4.2,0.0017759257271176294
concepts_count,111,10,10,0.012896084785461425,0.0034100279560699575,4.3,0.0017461319764455157
concepts_count,112,10,10,0.01218721866607666,0.0032149357061180776,4.2,0.0017434794562203545
concepts_count,113,10,10,0.012507462501525879,0.0040789899828239376,4.3,0.001721901155653454
concepts_count,114,10,10,0.013263869285583495,0.005695296465531521,4.8,0.0016942058006922402
concepts_count,115,10,10,0.011729264259338379,0.002745425299132258,3.8,0.0017438626289367674
concepts_count,116,10,10,0.010651993751525878,0.0019405154282804513,3.2,0.0017576237519582112
concepts_count,117,10,10,0.012293386459350585,0.002532183854584345,4.1,0.0018039071559906006
concepts_count,118,10,10,0.011245965957641602,0.0029669916061142326,3.7,0.0016980657691047305
concepts_count,119,10,10,0.011400413513183594,0.0022137497718131773,3.7,0.0017479395866394046
concepts_count,120,10,10,0.014503765106201171,0.008217447203523725,4.8,0.0019033443927764892
concepts_count,121,10,10,0.014273786544799804,0.002986556235093533,5.3,0.001772700548171997
concepts_count,122,10,10,0.01133420467376709,0.0023858986863415626,3.7,0.0017690694332122801
concepts_count,123,10,10,0.0111053466796875,0.0016997719939762506,3.5,0.0017993716398874919
concepts_count,124,10,10,0.012966442108154296,0.004393541173357701,4.3,0.001796633970169794
concepts_count,125,10,10,0.011889100074768066,0.002393294442531273,3.8,0.0017524091402689617
concepts_count,126,10,10,0.011720633506774903,0.0019834550795580067,3.8,0.001755189100901286
concepts_count,127,10,10,0.010854077339172364,0.0017907575165197701,3.3,0.0017924964427947997
concepts_count,128,10,10,0.011084723472595214,0.0028395522912646964,3.4,0.0017462968826293945
concepts_count,129,10,10,0.012310338020324708,0.0033767258474501,4.0,0.0017932927608489992
concepts_count,130,10,10,0.011503124237060547,0.002972586504451035,3.3,0.001878775358200073
concepts_count,131,10,10,0.012081170082092285,0.0025341976602078773,4.1,0.0017999252818879628
concepts_count,132,10,10,0.011111569404602051,0.002556715533631674,3.5,0.0018267154693603516
concepts_count,133,10,10,0.013539814949035644,0.0028174598841228826,4.7,0.001797510782877604
concepts_count,134,10,10,0.014828372001647949,0.007216695512209416,4.3,0.0018358131249745686
concepts_count,135,10,10,0.01221637725830078,0.0026082958900492713,4.1,0.0017736883958180748
concepts_count,136,10,10,0.011331820487976074,0.0021881842888827833,3.6,0.00176905632019043
concepts_count,137,10,10,0.01470775604248047,0.004061768092719287,5.2,0.001803224086761475
concepts_count,138,10,10,0.011340713500976563,0.00286617416373045,3.5,0.00180034978049142
concepts_count,139,10,10,0.014181160926818847,0.010834219709263362,3.7,0.0017803156943548293
concepts_count,140,10,10,0.011789679527282715,0.0018813826596649687,3.7,0.0018515618642171224
concepts_count,141,10,10,0.01234133243560791,0.002464356307351492,4.1,0.0017766062418619795
concepts_count,142,10,10,0.011863970756530761,0.0020970487086956037,3.5,0.0018424093723297123
concepts_count,143,10,10,0.013844871520996093,0.002495015707744915,4.8,0.001819190411340623
concepts_count,144,10,10,0.013930964469909667,0.004457521943396342,4.8,0.0017866003513336182
concepts_count,145,10,10,0.010698199272155762,0.0023668124166453743,3.2,0.0018065460522969565
concepts_count,146,10,10,0.012624454498291016,0.0039139942839929815,3.6,0.0019586956501007084
concepts_count,147,10,10,0.01256997585296631,0.0029213196519377238,4.1,0.0018245248567490351
concepts_count,148,10,10,0.013686633110046387,0.008890864508030947,3.4,0.001730666160583496
concepts_count,149,10,10,0.011598896980285645,0.0025523047956087985,3.8,0.0017915486154102141
concepts_count,150,10,10,0.012631821632385253,0.003500827907405048,4.3,0.001773871382077535
concepts_count,151,10,10,0.012562108039855958,0.0030791276245113273,4.2,0.0017455622884962295
concepts_count,152,10,10,0.013436150550842286,0.006690972829394022,3.5,0.0018469417095184327
concepts_count,153,10,10,0.013094186782836914,0.0025450023874857533,4.4,0.0018300444739205498
concepts_count,154,10,10,0.01266491413116455,0.0034053934008961145,4.3,0.0017662953195117768
concepts_count,155,10,10,0.012859821319580078,0.0037813962670477257,4.4,0.0017576229004632863
concepts_count,156,10,10,0.012105798721313477,0.001590304610453337,4.0,0.0017726484934488934
concepts_count,157,10,10,0.013100433349609374,0.0035103404275869227,4.4,0.0017831468014490037
concepts_count,158,10,10,0.011279630661010741,0.0023812150442963356,3.5,0.001774272123972575
concepts_count,159,10,10,0.01397252082824707,0.003756660190243056,4.8,0.001816743479834663
concepts_count,160,10,10,0.012831020355224609,0.0027562751523536756,4.3,0.0017910941441853841
concepts_count,161,10,10,0.012149310111999512,0.003578286266222566,3.8,0.0018367211023966469
concepts_count,162,10,10,0.011789560317993164,0.0030985439504744995,3.8,0.0018002903461456297
concepts_count,163,10,10,0.012183356285095214,0.0036781184970838335,4.0,0.0018246647857484363
concepts_count,164,10,10,0.011902427673339844,0.00310350420910001,3.9,0.0018179183914547874
concepts_count,165,10,10,0.014222335815429688,0.005044677490627102,5.2,0.0017765278759456816
concepts_count,166,10,10,0.014623284339904785,0.008751038828225009,4.0,0.0018064927487146287
concepts_count,167,10,10,0.011252474784851075,0.0017168492614295762,3.4,0.001785216728846232
concepts_count,168,10,10,0.01211531162261963,0.0016584265706283605,3.9,0.0018109492460886638
concepts_count,169,10,10,0.013532423973083496,0.0029518041231958348,4.7,0.0018278884320032031
concepts_count,170,10,10,0.015345144271850585,0.006805002653014793,4.5,0.0018720899309430804
concepts_count,171,10,10,0.011536669731140137,0.0034516588969473734,3.5,0.0018491977737063452
concepts_count,172,10,10,0.01351461410522461,0.0034990321540414944,4.4,0.0018845782961164203
concepts_count,173,10,10,0.012845063209533691,0.002110652870954104,4.3,0.0018178192774454753
concepts_count,174,10,10,0.012735605239868164,0.002731268369567022,4.2,0.0018205173810323077
concepts_count,175,10,10,0.011784934997558593,0.002719223004676573,3.6,0.0018588443597157799
concepts_count,176,10,10,0.013506674766540527,0.005504635776054679,4.3,0.0018583405017852783
concepts_count,177,10,10,0.012134027481079102,0.003436508264909603,3.8,0.0018640716870625817
concepts_count,178,10,10,0.015408778190612793,0.004878336301811501,3.4,0.0024091339111328124
concepts_count,179,10,10,0.01619434356689453,0.005064192393061409,5.3,0.0019761263756524947
concepts_count,180,10,10,0.013483095169067382,0.0022905579026273925,3.8,0.0020319732030232743
concepts_count,181,10,10,0.01177840232849121,0.0020284904348169337,3.6,0.0018824311097462975
concepts_count,182,10,10,0.013518238067626953,0.0031052142344584555,4.6,0.0018415813218979609
concepts_count,183,10,10,0.01151292324066162,0.00197763149482395,3.5,0.0018087812264760336
concepts_count,184,10,10,0.01426537036895752,0.006011600216103928,3.6,0.001975483496983846
concepts_count,185,10,10,0.01185903549194336,0.0026554541797662165,3.5,0.0018669899304707843
concepts_count,186,10,10,0.015575981140136719,0.0032795252997038027,4.8,0.0020564329624176026
concepts_count,187,10,10,0.015483474731445313,0.0033126915330908124,5.2,0.0018981521470206129
concepts_count,188,10,10,0.015312433242797852,0.007476817854500653,4.5,0.0018439401331402008
concepts_count,189,10,10,0.011777830123901368,0.002725638482931255,3.4,0.0018892033894856767
concepts_count,190,10,10,0.012473464012145996,0.0018329663227313507,4.0,0.0018526379267374674
concepts_count,191,10,10,0.012366247177124024,0.002685715083098963,4.0,0.0018241969744364418
concepts_count,192,10,10,0.013389325141906739,0.003768412242008952,4.3,0.0018608176708221433
concepts_count,193,10,10,0.014347600936889648,0.0072903755350563725,3.8,0.0018385781844456992
concepts_count,194,10,10,0.01160104274749756,0.003443290925841134,3.5,0.001845098336537679
concepts_count,195,10,10,0.012656664848327637,0.0030492187988048402,4.1,0.0018708276748657226
concepts_count,196,10,10,0.012466120719909667,0.002486429722738189,3.8,0.0019405400753021238
concepts_count,197,10,10,0.01167283058166504,0.002333394198014105,3.5,0.0018565332889556886
concepts_count,198,10,10,0.013901209831237793,0.004060811081628989,4.5,0.0018779629752749486
concepts_count,199,10,10,0.015266847610473634,0.004971120302671891,4.2,0.0022028155553908573
axioms_count,10,10,10,0.009641885757446289,0.0035075480579097253,2.0,
axioms_count,10,11,10,0.010174250602722168,0.0029662238376815375,2.9,
axioms_count,10,12,10,0.010610151290893554,0.00230460209503252,3.4,
axioms_count,10,13,10,0.012510251998901368,0.005143409323712782,3.2,
axioms_count,10,14,10,0.01260988712310791,0.0048486286454651065,2.2,
axioms_count,10,15,10,0.007522726058959961,0.0034213038906392313,0.8,
axioms_count,10,16,10,0.009827017784118652,0.005900248782231982,1.3,
axioms_count,10,17,10,0.008645939826965331,0.0026323529950542123,1.2,
axioms_count,10,18,10,0.010648393630981445,0.005299869759682732,1.5,
axioms_count,10,19,10,0.008709263801574708,0.0035957030753860785,1.7,
axioms_count,10,20,10,0.008456873893737792,0.003267738260017862,1.7,
axioms_count,10,21,10,0.0077407598495483395,0.001798499082292453,0.4,
axioms_count,10,22,10,0.01011950969696045,0.004207920418355775,1.5,
axioms_count,10,23,10,0.008928656578063965,0.003967872068501509,1.6,
axioms_count,10,24,10,0.009963393211364746,0.006153143205273093,1.1,
axioms_count,10,25,10,0.00895383358001709,0.0026151832454196257,0.6,
axioms_count,10,26,10,0.008178925514221192,0.003382657937401992,0.5,
axioms_count,10,27,10,0.006850218772888184,0.0016754165327403897,0.4,
axioms_count,10,28,10,0.007662439346313476,0.003261986377761646,0.9,
axioms_count,10,29,10,0.006236219406127929,0.0007565850351628054,0.0,
axioms_count,10,30,10,0.010038971900939941,0.003380195554238295,0.7,
axioms_count,10,31,10,0.00891110897064209,0.004025946040495974,1.2,
axioms_count,10,32,10,0.006949925422668457,0.0023018359289672476,0.5,
axioms_count,10,33,10,0.007559061050415039,0.003180664689688074,0.6,
axioms_count,10,34,10,0.007863450050354003,0.0015372379853112075,0.0,
axioms_count,10,35,10,0.008382391929626466,0.0014405687803222447,0.0,
axioms_count,10,36,10,0.007835006713867188,0.0026142382831799166,0.6,
axioms_count,10,37,10,0.006536507606506347,0.0014556961717657733,0.0,
axioms_count,10,38,10,0.009128236770629882,0.005427962849803792,0.0,
axioms_count,10,39,10,0.009969449043273926,0.004059568153318771,0.6,
axioms_count,10,40,10,0.006757688522338867,0.0016948662005656127,0.0,
axioms_count,10,41,10,0.00658876895904541,0.0015005572729218466,0.0,
axioms_count,10,42,10,0.007010626792907715,0.0014690721112346965,0.0,
axioms_count,10,43,10,0.011475753784179688,0.005381924661366198,1.1,
axioms_count,10,44,10,0.00858769416809082,0.003206594797926322,0.3,
axioms_count,10,45,10,0.007246088981628418,0.002941030451663542,0.5,
axioms_count,10,46,10,0.006521821022033691,0.0007977983088840403,0.0,
axioms_count,10,47,10,0.00761265754699707,0.0014884561554924206,0.0,
axioms_count,10,48,10,0.006739211082458496,0.0015023512324349533,0.0,
axioms_count,10,49,10,0.006521797180175782,0.0006452451838781432,0.0,
axioms_count,10,50,10,0.006446051597595215,0.0008207536716747906,0.0,
axioms_count,10,51,10,0.008539247512817382,0.0016969554836770082,0.0,
axioms_count,10,52,10,0.007612943649291992,0.0015950470866531836,0.0,
axioms_count,10,53,10,0.006865406036376953,0.0013506958530429016,0.0,
axioms_count,10,54,10,0.008712697029113769,0.006314759199408515,0.0,
axioms_count,10,55,10,0.00764312744140625,0.0010784927512712036,0.0,
axioms_count,10,56,10,0.006194806098937989,0.0004327219635291739,0.0,
axioms_count,10,57,10,0.006134939193725586,0.0006096046485781714,0.0,
axioms_count,10,58,10,0.006152009963989258,0.000517550221120597,0.0,
axioms_count,10,59,10,0.006447553634643555,0.000701758533806138,0.0,
axioms_count,10,60,10,0.006522560119628906,0.00033399282928138545,0.0,
axioms_count,10,61,10,0.006341457366943359,0.0007673038210417788,0.0,
axioms_count,10,62,10,0.007964754104614257,0.005771015379826488,0.0,
axioms_count,10,63,10,0.006141304969787598,0.000659436536324223,0.0,
axioms_count,10,64,10,0.006337118148803711,0.0007743042329165961,0.0,
axioms_count,10,65,10,0.006049227714538574,0.00041351733844000846,0.0,
axioms_count,10,66,10,0.006516146659851074,0.0010523357533999684,0.2,
axioms_count,10,67,10,0.006353425979614258,0.0008399735974092954,0.0,
axioms_count,10,68,10,0.006409668922424316,0.0007709370061291722,0.0,
axioms_count,10,69,10,0.006905817985534668,0.0005674684283987931,0.0,
axioms_count,10,70,10,0.006323313713073731,0.00040630285904500775,0.0,
axioms_count,10,71,10,0.00620884895324707,0.0006382088334778915,0.0,
axioms_count,10,72,10,0.006183195114135742,0.0004374202040479123,0.0,
axioms_count,10,73,10,0.006177330017089843,0.0004128669579922791,0.0,
axioms_count,10,74,10,0.006176090240478516,0.00045845467845012487,0.0,
axioms_count,10,75,10,0.006262373924255371,0.0006254104355351654,0.0,
axioms_count,10,76,10,0.008272600173950196,0.005195017272867997,0.0,
axioms_count,10,77,10,0.00631101131439209,0.0006226160121607201,0.0,
axioms_count,10,78,10,0.006319856643676758,0.000500730695782105,0.0,
axioms_count,10,79,10,0.006457686424255371,0.0006762722066789394,0.0,
axioms_count,10,80,10,0.006371140480041504,0.0005957375321959691,0.0,
axioms_count,10,81,10,0.008212137222290038,0.005147248437493352,0.0,
axioms_count,10,82,10,0.0062195777893066405,0.0005504966741178221,0.0,
axioms_count,10,83,10,0.006418704986572266,0.0008206169593171475,0.0,
axioms_count,10,84,10,0.006489109992980957,0.0008454998445085891,0.0,
axioms_count,10,85,10,0.006401228904724121,0.0007808832263780748,0.0,
axioms_count,10,86,10,0.006435751914978027,0.0006860873835776922,0.0,
axioms_count,10,87,10,0.008530378341674805,0.005641933537116704,0.0,
axioms_count,10,88,10,0.006478548049926758,0.0006325256047129386,0.0,
axioms_count,10,89,10,0.006297969818115234,0.0003995211395910325,0.0,
axioms_count,10,90,10,0.006454730033874511,0.0007896226415303695,0.0,
axioms_count,10,91,10,0.0066243171691894535,0.0006776668891093591,0.0,
axioms_count,10,92,10,0.006451964378356934,0.0005986220810616885,0.0,
axioms_count,10,93,10,0.006588411331176758,0.0007719302735568611,0.0,
axioms_count,10,94,10,0.006503891944885254,0.0007041453285918565,0.0,
axioms_count,10,95,10,0.006728148460388184,0.0007113054581131264,0.0,
axioms_count,10,96,10,0.008328890800476075,0.005744296398099416,0.0,
axioms_count,10,97,10,0.006754922866821289,0.0008532028084161313,0.0,
axioms_count,10,98,10,0.006554555892944336,0.0006123718877196338,0.0,
axioms_count,10,99,10,0.006456780433654785,0.000603786765001227,0.0,
axioms_count,10,100,10,0.0065228939056396484,0.0005889187355823664,0.0,
axioms_count,10,101,10,0.006788063049316406,0.0006787183412060801,0.0,
axioms_count,10,102,10,0.006619763374328613,0.0006759475439411846,0.0,
axioms_count,10,103,10,0.008896803855895996,0.005394257550032274,0.0,
axioms_count,10,104,10,0.006734395027160644,0.0008203918553916901,0.0,
axioms_count,10,105,10,0.006538939476013183,0.0005689224650929333,0.0,
axioms_count,10,106,10,0.006613898277282715,0.000568290376612057,0.0,
axioms_count,10,107,10,0.006812691688537598,0.0005425131469620194,0.0,
axioms_count,10,108,10,0.006704974174499512,0.000974727514376851,0.0,
axioms_count,10,109,10,0.0067467927932739254,0.001023817707810166,0.0,
axioms_count,10,110,10,0.006448221206665039,0.0005886023857866342,0.0,
axioms_count,10,111,10,0.006513214111328125,0.00039240786872034517,0.0,
axioms_count,10,112,10,0.008631563186645508,0.005701286139976509,0.0,
axioms_count,10,113,10,0.006646466255187988,0.0005390882597509053,0.0,
axioms_count,10,114,10,0.006692242622375488,0.0004584413723583608,0.0,
axioms_count,10,115,10,0.00673062801361084,0.0004605961262835439,0.0,
axioms_count,10,116,10,0.006740975379943848,0.000565287605807007,0.0,
axioms_count,10,117,10,0.006667494773864746,0.0004287899285772314,0.0,
axioms_count,10,118,10,0.006793379783630371,0.0005559577658302036,0.0,
axioms_count,10,119,10,0.008760666847229004,0.006453170895531729,0.0,
axioms_count,10,120,10,0.006774759292602539,0.0005902924725459112,0.0,
axioms_count,10,121,10,0.0068603515625,0.0006744716830838848,0.0,
axioms_count,10,122,10,0.006771612167358399,0.0004892474237038779,0.0,
axioms_count,10,123,10,0.007078361511230469,0.0006955008307286208,0.0,
axioms_count,10,124,10,0.006704568862915039,0.00047867482844746493,0.0,
axioms_count,10,125,10,0.006713700294494629,0.0004789409962070651,0.0,
axioms_count,10,126,10,0.006839966773986817,0.0006664515223967241,0.0,
axioms_count,10,127,10,0.007277202606201172,0.0015051695342525133,0.0,
axioms_count,10,128,10,0.0069035768508911135,0.000599823457875078,0.0,
axioms_count,10,129,10,0.006604409217834473,0.0004811699054947495,0.0,
axioms_count,10,130,10,0.0067862987518310545,0.0005071356060841752,0.0,
axioms_count,10,131,10,0.00682525634765625,0.00065986423012999,0.0,
axioms_count,10,132,10,0.006991696357727051,0.0005290325080180667,0.0,
axioms_count,10,133,10,0.006603240966796875,0.0003794684066133206,0.0,
axioms_count,10,134,10,0.006874537467956543,0.0005684300787891829,0.0,
axioms_count,10,135,10,0.0067963838577270504,0.0005165137256880612,0.0,
axioms_count,10,136,10,0.006998610496520996,0.00047600642856514627,0.0,
axioms_count,10,137,10,0.006706714630126953,0.0005298005997566072,0.0,
axioms_count,10,138,10,0.006628894805908203,0.00037352043144551475,0.0,
axioms_count,10,139,10,0.007043647766113281,0.0006783554846248577,0.0,
axioms_count,10,140,10,0.0090165376663208,0.005926721927337832,0.0,
axioms_count,10,141,10,0.006763577461242676,0.000468681436280617,0.0,
axioms_count,10,142,10,0.006812191009521485,0.0005673882840851121,0.0,
axioms_count,10,143,10,0.007011127471923828,0.0006754860843641612,0.0,
axioms_count,10,144,10,0.007020235061645508,0.0007163552337066763,0.0,
axioms_count,10,145,10,0.006776118278503418,0.00047946104832462125,0.0,
axioms_count,10,146,10,0.006811881065368652,0.0003064595254224934,0.0,
axioms_count,10,147,10,0.009184789657592774,0.00603289300187653,0.0,
axioms_count,10,148,10,0.007023024559020996,0.00076870549168661,0.0,
axioms_count,10,149,10,0.006856060028076172,0.00041786745260440533,0.0,
axioms_count,10,150,10,0.00906963348388672,0.005883688821774353,0.0,
axioms_count,10,151,10,0.006870698928833008,0.00044388779508963,0.0,
axioms_count,10,152,10,0.006963372230529785,0.0005189382804166408,0.0,
axioms_count,10,153,10,0.006906199455261231,0.0006429708651925034,0.0,
axioms_count,10,154,10,0.007050943374633789,0.000713007331917711,0.0,
axioms_count,10,155,10,0.006848526000976562,0.0005863414480415075,0.0,
axioms_count,10,156,10,0.006910085678100586,0.0005445703520268545,0.0,
axioms_count,10,157,10,0.009327101707458495,0.006169200334956016,0.0,
axioms_count,10,158,10,0.006865215301513672,0.0004937220821503339,0.0,
axioms_count,10,159,10,0.0069296836853027345,0.0006184748417101091,0.0,
axioms_count,10,160,10,0.009017539024353028,0.005857736456179041,0.0,
axioms_count,10,161,10,0.006893134117126465,0.0005116083673487544,0.0,
axioms_count,10,162,10,0.006865692138671875,0.00045309114446115113,0.0,
axioms_count,10,163,10,0.009038257598876952,0.006163283919406629,0.0,
axioms_count,10,164,10,0.007129406929016114,0.0006990179309212781,0.0,
axioms_count,10,165,10,0.006939840316772461,0.0005581710105727618,0.0,
axioms_count,10,166,10,0.006956958770751953,0.0005383861400645706,0.0,
axioms_count,10,167,10,0.009188699722290038,0.00638893071596348,0.0,
axioms_count,10,168,10,0.006955504417419434,0.000525035478379442,0.0,
axioms_count,10,169,10,0.007024431228637695,0.0004971584133374386,0.0,
axioms_count,10,170,10,0.009137272834777832,0.0059331422692737905,0.0,
axioms_count,10,171,10,0.006885099411010742,0.0003671446677154075,0.0,
axioms_count,10,172,10,0.006937599182128907,0.0004214640910241963,0.0,
axioms_count,10,173,10,0.009112048149108886,0.0060428566286244954,0.0,
axioms_count,10,174,10,0.007000780105590821,0.0005365967018285952,0.0,
axioms_count,10,175,10,0.007152152061462402,0.0004651313803536916,0.0,
axioms_count,10,176,10,0.007175183296203614,0.0006180140371836322,0.0,
axioms_count,10,177,10,0.007243490219116211,0.000426186920825783,0.0,
axioms_count,10,178,10,0.008461451530456543,0.00227708047473081,0.0,
axioms_count,10,179,10,0.007301473617553711,0.0006155147061951119,0.0,
axioms_count,10,180,10,0.0079725980758667,0.0012533700180384463,0.0,
axioms_count,10,181,10,0.007108545303344727,0.0005098758795429466,0.0,
axioms_count,10,182,10,0.007114434242248535,0.00043993902292705666,0.0,
axioms_count,10,183,10,0.007347583770751953,0.0003870947779761999,0.0,
axioms_count,10,184,10,0.007198238372802734,0.0005573335981107731,0.0,
axioms_count,10,185,10,0.0073298454284667965,0.0004950673149384446,0.0,
axioms_count,10,186,10,0.007549571990966797,0.0005882456025810652,0.0,
axioms_count,10,187,10,0.0077632427215576175,0.001192778419796601,0.0,
axioms_count,10,188,10,0.007353520393371582,0.0006432927150875793,0.0,
axioms_count,10,189,10,0.007776665687561035,0.0006001431162711842,0.0,
axioms_count,10,190,10,0.0071620941162109375,0.0007046952506374685,0.0,
axioms_count,10,191,10,0.007516646385192871,0.000571420394951135,0.0,
axioms_count,10,192,10,0.007499027252197266,0.0006517139897530655,0.0,
axioms_count,10,193,10,0.00721583366394043,0.0005021359861454336,0.0,
axioms_count,10,194,10,0.007338690757751465,0.0009914274881040234,0.0,
axioms_count,10,195,10,0.007368612289428711,0.00035382142597142094,0.0,
axioms_count,10,196,10,0.007213473320007324,0.00038046052549711614,0.0,
axioms_count,10,197,10,0.007028889656066894,0.00031022438897034633,0.0,
axioms_count,10,198,10,0.007396817207336426,0.0006252587057214774,0.0,
axioms_count,10,199,10,0.007099533081054687,0.00040843133491754856,0.0,
prob_axioms_count,10,10,10,0.009997391700744629,0.0020169758353367102,3.4,
prob_axioms_count,10,10,11,0.00944211483001709,0.003105960124832509,2.2,
prob_axioms_count,10,10,12,0.015466427803039551,0.007492190308913092,3.8,
prob_axioms_count,10,10,13,0.008600378036499023,0.0025443476646958125,3.9,0.0017765029271443686
prob_axioms_count,10,10,14,0.0064560890197753905,0.003532454467398211,2.3,
prob_axioms_count,10,10,15,0.01164095401763916,0.004630497824561931,4.9,
prob_axioms_count,10,10,16,0.009972071647644043,0.005395528148427395,3.7,
prob_axioms_count,10,10,17,0.009586644172668458,0.005670872794532713,3.3,
prob_axioms_count,10,10,18,0.009639096260070801,0.005414924513585379,3.2,
prob_axioms_count,10,10,19,0.007355523109436035,0.005758362238053659,2.0,
prob_axioms_count,10,10,20,0.012564754486083985,0.0066971330228696845,4.1,
prob_axioms_count,10,10,21,0.012215924263000489,0.0055469057481710915,3.8,
prob_axioms_count,10,10,22,0.01614680290222168,0.009157189835580877,4.9,
prob_axioms_count,10,10,23,0.015837502479553223,0.009704104518278642,4.5,
prob_axioms_count,10,10,24,0.017496466636657715,0.01239272281067758,4.9,
prob_axioms_count,10,10,25,0.012209320068359375,0.0075708347179198445,3.1,
prob_axioms_count,10,10,26,0.02047891616821289,0.011365098635690931,5.4,
prob_axioms_count,10,10,27,0.02459244728088379,0.01131243726884075,6.4,0.0033740054614960205
prob_axioms_count,10,10,28,0.021887898445129395,0.00958986468710562,5.5,
prob_axioms_count,10,10,29,0.018570947647094726,0.00825620679693104,4.4,
prob_axioms_count,10,10,30,0.019698143005371094,0.013902014611240212,4.4,
prob_axioms_count,10,10,31,0.030005598068237306,0.005789962574861226,6.9,0.003904779941316635
prob_axioms_count,10,10,32,0.02342219352722168,0.011636281942008147,5.1,
prob_axioms_count,10,10,33,0.022938013076782227,0.017051453161952897,4.6,
prob_axioms_count,10,10,34,0.02048964500427246,0.013559783466143671,4.0,
prob_axioms_count,10,10,35,0.026723694801330567,0.019108835762027775,5.1,
prob_axioms_count,10,10,36,0.02452518939971924,0.01768172383969758,4.4,
prob_axioms_count,10,10,37,0.022956585884094237,0.015316158260868616,4.0,
prob_axioms_count,10,10,38,0.06729590892791748,0.02470505304005818,5.7,
prob_axioms_count,10,10,39,0.08784449100494385,0.013577991988386523,6.8,0.011747247406414578
prob_axioms_count,10,10,40,0.06792514324188233,0.04526360888387508,5.6,
prob_axioms_count,10,10,41,0.08015029430389405,0.029413090986596443,6.3,
prob_axioms_count,10,10,42,0.06479246616363525,0.043739006758194005,4.7,
prob_axioms_count,10,10,43,0.0836745023727417,0.041846059596468206,6.3,
prob_axioms_count,10,10,44,0.08744020462036133,0.045908109977912503,6.6,
prob_axioms_count,10,10,45,0.04400923252105713,0.04435232161885753,3.1,
prob_axioms_count,10,10,46,0.03610241413116455,0.030772332016542236,2.8,
prob_axioms_count,10,10,47,0.09586727619171143,0.04600635157719804,7.1,
prob_axioms_count,10,10,48,0.05583608150482178,0.04457986496286564,4.1,
prob_axioms_count,10,10,49,0.07586240768432617,0.058041792885156346,5.3,
prob_axioms_count,10,10,50,0.03951706886291504,0.035594439294476476,3.0,
prob_axioms_count,10,10,51,0.07741456031799317,0.05350573540652718,5.1,
prob_axioms_count,10,10,52,0.08460359573364258,0.04795492194716037,5.6,
prob_axioms_count,10,10,53,0.06880240440368653,0.0533009750846018,5.2,
prob_axioms_count,10,10,54,0.052781414985656736,0.04788748695325436,3.2,
prob_axioms_count,10,10,55,0.0930591344833374,0.05019616918956045,5.8,
prob_axioms_count,10,10,56,0.08335847854614258,0.0543981043045493,5.3,
prob_axioms_count,10,10,57,0.06282632350921631,0.04502525512715518,3.5,
prob_axioms_count,10,10,58,0.07634263038635254,0.07622141471503882,5.1,
prob_axioms_count,10,10,59,0.06725249290466309,0.07202756634175407,4.3,
prob_axioms_count,10,10,60,0.10649595260620118,0.06353561666388959,6.3,
prob_axioms_count,10,10,61,0.13408820629119872,0.04818899061209299,8.6,
prob_axioms_count,10,10,62,0.10004098415374756,0.07100833818049783,5.8,
prob_axioms_count,10,10,63,0.09460029602050782,0.06616505317516554,5.5,
prob_axioms_count,10,10,64,0.1315591812133789,0.07769441836004815,8.2,
prob_axioms_count,10,10,65,0.08073079586029053,0.0603442483025297,4.4,
prob_axioms_count,10,10,66,0.08261380195617676,0.08126417328777243,4.3,
prob_axioms_count,10,10,67,0.11097326278686523,0.09017879649829054,6.4,
prob_axioms_count,10,10,68,0.08609063625335693,0.08338302513642613,4.7,
prob_axioms_count,10,10,69,0.0888601303100586,0.07622706365460329,4.8,
prob_axioms_count,10,10,70,0.10915312767028809,0.08851350233206579,5.8,
prob_axioms_count,10,10,71,0.10567355155944824,0.07629840240110457,5.4,
prob_axioms_count,10,10,72,0.13659682273864746,0.08480088464126935,7.3,
prob_axioms_count,10,10,73,0.10555586814880372,0.08755568093964752,5.4,
prob_axioms_count,10,10,74,0.10241913795471191,0.08104070202493849,5.0,
prob_axioms_count,10,10,75,0.08886313438415527,0.07619796859071802,4.2,
prob_axioms_count,10,10,76,0.09399361610412597,0.09209163315379834,4.6,
prob_axioms_count,10,10,77,0.04807415008544922,0.06397042552544825,1.7,
prob_axioms_count,10,10,78,0.07585713863372803,0.09711096323951285,3.7,
prob_axioms_count,10,10,79,0.1496509313583374,0.09752146902766917,7.1,
prob_axioms_count,10,10,80,0.22258267402648926,0.08657093828917684,9.0,
prob_axioms_count,10,10,81,0.12227962017059327,0.13545692378428392,3.9,
prob_axioms_count,10,10,82,0.20875914096832277,0.12782477097820288,7.8,
prob_axioms_count,10,10,83,0.06883382797241211,0.0874634314833255,2.5,
prob_axioms_count,10,10,84,0.1327345848083496,0.1479642054764785,4.1,
prob_axioms_count,10,10,85,0.10942380428314209,0.1378074551385902,3.7,
prob_axioms_count,10,10,86,0.19976067543029785,0.153622153092176,6.8,
prob_axioms_count,10,10,87,0.13225851058959961,0.1394712794254157,4.6,
prob_axioms_count,10,10,88,0.20940515995025635,0.1328929853456598,7.7,
prob_axioms_count,10,10,89,0.07143771648406982,0.09008431261877085,2.4,
prob_axioms_count,10,10,90,0.16750199794769288,0.13397418631281977,6.0,
prob_axioms_count,10,10,91,0.24966685771942138,0.16009489146848593,7.5,
prob_axioms_count,10,10,92,0.2136922597885132,0.20279192095407617,6.6,
prob_axioms_count,10,10,93,0.2094773530960083,0.12717779947340768,7.4,
prob_axioms_count,10,10,94,0.1912597417831421,0.1725977923309356,6.2,
prob_axioms_count,10,10,95,0.14671072959899903,0.15482121694738668,4.2,
prob_axioms_count,10,10,96,0.19162888526916505,0.2130454374287699,4.9,
prob_axioms_count,10,10,97,0.23252532482147217,0.18821023682974813,7.0,
prob_axioms_count,10,10,98,0.22551398277282714,0.20064944013386307,7.4,
prob_axioms_count,10,10,99,0.24415395259857178,0.20550212717114233,7.8,
prob_axioms_count,10,10,100,0.24969658851623536,0.16202753609702553,7.4,
prob_axioms_count,10,10,101,0.24036686420440673,0.17838980313376074,7.6,
prob_axioms_count,10,10,102,0.3299169778823853,0.2137515513287564,10.0,
prob_axioms_count,10,10,103,0.3067614078521729,0.15899090280538783,9.2,
prob_axioms_count,10,10,104,0.24388864040374755,0.17570252778516626,7.3,
prob_axioms_count,10,10,105,0.2152724027633667,0.2083289958991236,6.3,
prob_axioms_count,10,10,106,0.2285672903060913,0.21830247420556956,6.0,
prob_axioms_count,10,10,107,0.20830399990081788,0.2381801928882236,5.2,
prob_axioms_count,10,10,108,0.3429187536239624,0.1916145150809153,8.0,
prob_axioms_count,10,10,109,0.2939189910888672,0.19328405974173726,8.1,
prob_axioms_count,10,10,110,0.22483360767364502,0.2043998152313037,4.9,
prob_axioms_count,10,10,111,0.2689176321029663,0.2219532704921054,6.8,
prob_axioms_count,10,10,112,0.15769786834716798,0.21216346020172194,3.5,
prob_axioms_count,10,10,113,0.3967082738876343,0.25659494865984034,9.4,
prob_axioms_count,10,10,114,0.3846139430999756,0.3454148159539964,7.8,
prob_axioms_count,10,10,115,0.270193076133728,0.27653480338901726,6.6,
prob_axioms_count,10,10,116,0.29078614711761475,0.27984939887756755,6.8,
prob_axioms_count,10,10,117,0.20391345024108887,0.3453596525273462,2.9,
prob_axioms_count,10,10,118,0.17364792823791503,0.20855425261868932,2.6,
prob_axioms_count,10,10,119,0.44943437576293943,0.25428380016215946,9.0,
prob_axioms_count,10,10,120,0.2923264980316162,0.28836572967787366,6.5,
prob_axioms_count,10,10,121,0.2677823543548584,0.29488233440489564,6.0,
prob_axioms_count,10,10,122,0.25519299507141113,0.24955361940448942,5.7,
prob_axioms_count,10,10,123,0.15394375324249268,0.2294953464646993,3.2,
prob_axioms_count,10,10,124,0.44827706813812257,0.35400476721834534,9.4,
prob_axioms_count,10,10,125,0.44908905029296875,0.3568269519973441,8.6,
prob_axioms_count,10,10,126,0.5105049133300781,0.3510117412845644,9.1,
prob_axioms_count,10,10,127,0.39196512699127195,0.3303572679697896,7.0,
prob_axioms_count,10,10,128,0.2362684965133667,0.3291479161503394,4.0,
prob_axioms_count,10,10,129,0.5092509984970093,0.3538418499293194,9.0,
prob_axioms_count,10,10,130,0.5411932706832886,0.377980990384837,10.5,
prob_axioms_count,10,10,131,0.32700536251068113,0.4242281635971784,6.3,
prob_axioms_count,10,10,132,0.4792107343673706,0.41152704298024345,8.3,
prob_axioms_count,10,10,133,0.5393930912017822,0.20713785211215974,10.8,
prob_axioms_count,10,10,134,0.38755435943603517,0.3083560478152294,7.6,
prob_axioms_count,10,10,135,0.4883098840713501,0.40430688699333744,7.9,
prob_axioms_count,10,10,136,0.6510782480239868,0.3675311512617322,10.2,
prob_axioms_count,10,10,137,0.37919509410858154,0.3441791667893923,5.8,
prob_axioms_count,10,10,138,0.3300726652145386,0.3653845570678192,4.7,
prob_axioms_count,10,10,139,0.696231484413147,0.6686183206854631,9.3,
prob_axioms_count,10,10,140,0.7049288988113404,0.4084555798728889,11.6,
prob_axioms_count,10,10,141,0.5765405654907226,0.2944615655935922,10.1,
prob_axioms_count,10,10,142,0.4170494079589844,0.46488972884150703,6.7,
prob_axioms_count,10,10,143,0.5391996622085571,0.47669479044609137,8.9,
prob_axioms_count,10,10,144,0.617333197593689,0.4872380171672445,10.0,
prob_axioms_count,10,10,145,0.5958202362060547,0.47223352312537015,9.5,
prob_axioms_count,10,10,146,0.21738889217376708,0.25569214765612075,3.5,
prob_axioms_count,10,10,147,0.22327992916107178,0.3893280569722278,3.3,
prob_axioms_count,10,10,148,0.42099287509918215,0.4040091309405066,6.6,
prob_axioms_count,10,10,149,0.5061467885971069,0.41773321887481063,7.8,
prob_axioms_count,10,10,150,0.49533305168151853,0.4265651032762803,7.6,
prob_axioms_count,10,10,151,0.475502610206604,0.45008798251661475,7.0,
prob_axioms_count,10,10,152,0.5825465202331543,0.6857841253154795,8.2,
prob_axioms_count,10,10,153,0.7867484807968139,0.4521763121687561,10.6,
prob_axioms_count,10,10,154,0.8543648719787598,0.43145428991712953,11.0,
prob_axioms_count,10,10,155,0.8327035427093505,0.7249534419655638,9.3,
prob_axioms_count,10,10,156,0.9600243091583252,0.7097007332271754,12.2,
prob_axioms_count,10,10,157,0.8877923250198364,0.6765237482927033,11.5,
prob_axioms_count,10,10,158,0.5998301982879639,0.5585311783670538,7.7,
prob_axioms_count,10,10,159,0.5599814891815186,0.5813815108348207,7.0,
prob_axioms_count,10,10,160,0.6636591672897338,0.5240900386623102,8.6,
prob_axioms_count,10,10,161,0.6473623991012574,0.5588984873431933,8.3,
prob_axioms_count,10,10,162,0.7949239015579224,0.6960371758942159,9.5,
prob_axioms_count,10,10,163,0.6749901294708252,0.5354278155858477,8.4,
prob_axioms_count,10,10,164,0.9793468236923217,0.6581073328315855,11.4,
prob_axioms_count,10,10,165,0.9296529769897461,0.6239285939785668,11.1,
prob_axioms_count,10,10,166,0.5225312232971191,0.4918922279329194,6.3,
prob_axioms_count,10,10,167,0.5977962255477905,0.5817627966872568,7.0,
prob_axioms_count,10,10,168,0.7594029188156128,0.6847039775208157,9.0,
prob_axioms_count,10,10,169,0.4759403944015503,0.497182873969796,5.5,
prob_axioms_count,10,10,170,0.9053311347961426,0.7468492738180198,10.1,
prob_axioms_count,10,10,171,1.0310707569122315,0.6184806038918754,11.6,
prob_axioms_count,10,10,172,0.6993932008743287,0.5412429040527089,7.9,
prob_axioms_count,10,10,173,0.706140685081482,0.7202843409872703,7.6,
prob_axioms_count,10,10,174,0.6629926443099976,0.6507454115083371,7.2,
prob_axioms_count,10,10,175,0.6666820049285889,0.8119727895419613,6.9,
prob_axioms_count,10,10,176,1.0595000505447387,0.7839661662702375,11.0,
prob_axioms_count,10,10,177,1.0553245544433594,0.6165225781129484,10.9,
prob_axioms_count,10,10,178,0.9827094316482544,0.6987015573801989,10.1,
prob_axioms_count,10,10,179,0.7922751426696777,1.0303437749213062,7.7,
prob_axioms_count,10,10,180,0.8294332265853882,0.6623318806087338,8.5,
prob_axioms_count,10,10,181,1.0054865837097169,0.8678853926440956,9.6,
prob_axioms_count,10,10,182,0.9835777282714844,0.9514696318131342,8.7,
prob_axioms_count,10,10,183,0.8704941749572754,0.8972170867970441,8.2,
prob_axioms_count,10,10,184,1.5895894289016723,0.9924182010461685,14.1,
prob_axioms_count,10,10,185,0.9920128107070922,1.0496066721108628,7.6,
prob_axioms_count,10,10,186,1.039637279510498,0.7893072267932175,9.4,
prob_axioms_count,10,10,187,1.7057233095169066,1.327104947279741,14.7,
prob_axioms_count,10,10,188,1.4997523546218872,1.041890053714383,13.5,
prob_axioms_count,10,10,189,0.6174500703811645,0.7489118589082525,5.4,
prob_axioms_count,10,10,190,1.1294573068618774,0.7685609255491368,10.2,
prob_axioms_count,10,10,191,1.709745740890503,0.7169527533538451,14.8,
prob_axioms_count,10,10,192,1.0092983722686768,0.9143542497145226,8.3,
prob_axioms_count,10,10,193,1.197025752067566,1.0206474683539368,10.0,
prob_axioms_count,10,10,194,1.2663946628570557,0.9809758063432651,10.4,
prob_axioms_count,10,10,195,1.047962212562561,0.823448696691103,8.6,
prob_axioms_count,10,10,196,1.0282915115356446,0.9343422432484202,8.5,
prob_axioms_count,10,10,197,1.1057851552963256,0.9049813364273687,8.9,
prob_axioms_count,10,10,198,0.8244492292404175,0.9725900139974885,6.4,
prob_axioms_count,10,10,199,1.5981924295425416,1.517313608818843,10.5,
